client,pending_plans,last_plan,last_comment
amir rajabi,1,4 day(s) ago,4 day(s) ago
salam amir,2,No workouts,No comment
dsadas,0,No workouts,No comment
dasdas,0,No workouts,No comment
dfhgfsgsdgfds,0,No workouts,No comment
fdsgsfgdfs,0,No workouts,No comment
sdfgfdg,0,No workouts,No comment
fdsffgbdfg,0,No workouts,No comment
dfgfdg sdfgsdg,0,No workouts,No comment
sdfsdfsd,0,No workouts,No comment
dsfsdfsdffffff,0,No workouts,No comment
amir rajabi,0,3 day(s) ago,3 day(s) ago
this is test 1,0,No workouts,No comment
test2,0,No workouts,No comment
test3,0,No workouts,No comment
test4,0,No workouts,No comment
test4,0,No workouts,No comment
test44,0,No workouts,No comment
test5,0,No workouts,No comment
test6,0,No workouts,No comment
test7,0,No workouts,No comment
test8,0,No workouts,No comment
